pixel_accuracy,mean_iou,mean_f1
0.5230682643270926,0.3149560767943017,0.4735424094839212
