domain,loss,compile_metrics
Urban,1.8606905937194824,0.5247927308082581
Rural,2.2238614559173584,0.5217463374137878
